verifRuleCode ,verifRuleName ,verifRuleSeverity ,modelGUID                            ,modelBusName ,modelTechName ,containerGUID                        ,containerBusName ,containerTechName ,entityGUID                           ,entityBusName ,entityTechName ,relationshipGUID ,relationshipName ,attribGUID                           ,attribBusName      ,attribTechName ,attribDataType ,attribLength ,attribPrecision ,attribScale ,attribRequired ,attribDefault ,glossTermBusName ,glossTermTechName ,glossSynonyms ,rulesRequired ,rulesDefault ,rulesDataType ,rulesLength ,rulesPrecision ,rulesScale
invalidTerms  ,Invalid terms ,warning           ,fab5bd67-d509-4568-888d-821da31bc808 ,New Model    ,              ,                                     ,                 ,                  ,                                     ,              ,               ,                 ,                 ,                                     ,                   ,               ,               ,             ,                ,            ,               ,              ,                 ,                  ,              ,              ,             ,              ,            ,               ,
invalidTerms  ,Invalid terms ,warning           ,fab5bd67-d509-4568-888d-821da31bc808 ,New Model    ,              ,865e11cb-cb8f-481b-97e4-ee55d9abad96 ,sample_mflix     ,                  ,                                     ,              ,               ,                 ,                 ,                                     ,                   ,               ,               ,             ,                ,            ,               ,              ,                 ,                  ,              ,              ,             ,              ,            ,               ,
invalidTerms  ,Invalid terms ,warning           ,fab5bd67-d509-4568-888d-821da31bc808 ,New Model    ,              ,865e11cb-cb8f-481b-97e4-ee55d9abad96 ,sample_mflix     ,                  ,4a5f44af-a1e6-4714-bb26-dc2ba9bdd7c4 ,comments      ,               ,                 ,                 ,                                     ,                   ,               ,               ,             ,                ,            ,               ,              ,                 ,                  ,              ,              ,             ,              ,            ,               ,
invalidTerms  ,Invalid terms ,warning           ,fab5bd67-d509-4568-888d-821da31bc808 ,New Model    ,              ,865e11cb-cb8f-481b-97e4-ee55d9abad96 ,sample_mflix     ,                  ,4a5f44af-a1e6-4714-bb26-dc2ba9bdd7c4 ,comments      ,               ,                 ,                 ,536cc9f3-41d6-49e7-8d8b-b9447e663ebd ,name               ,               ,string         ,             ,                ,            ,true           ,              ,                 ,                  ,              ,              ,             ,              ,            ,               ,
invalidTerms  ,Invalid terms ,warning           ,fab5bd67-d509-4568-888d-821da31bc808 ,New Model    ,              ,865e11cb-cb8f-481b-97e4-ee55d9abad96 ,sample_mflix     ,                  ,4a5f44af-a1e6-4714-bb26-dc2ba9bdd7c4 ,comments      ,               ,                 ,                 ,647c4ec5-38a1-43e9-a7fb-70f1eb9a779c ,email              ,               ,string         ,             ,                ,            ,true           ,              ,                 ,                  ,              ,              ,             ,              ,            ,               ,
invalidTerms  ,Invalid terms ,warning           ,fab5bd67-d509-4568-888d-821da31bc808 ,New Model    ,              ,865e11cb-cb8f-481b-97e4-ee55d9abad96 ,sample_mflix     ,                  ,4a5f44af-a1e6-4714-bb26-dc2ba9bdd7c4 ,comments      ,               ,                 ,                 ,9e54eb0f-0358-4cf5-bc0a-5cc4932b06ea ,movie_id           ,               ,objectId       ,             ,                ,            ,true           ,              ,                 ,                  ,              ,              ,             ,              ,            ,               ,
invalidTerms  ,Invalid terms ,warning           ,fab5bd67-d509-4568-888d-821da31bc808 ,New Model    ,              ,865e11cb-cb8f-481b-97e4-ee55d9abad96 ,sample_mflix     ,                  ,4a5f44af-a1e6-4714-bb26-dc2ba9bdd7c4 ,comments      ,               ,                 ,                 ,b211a422-6183-444a-8c31-6db487e60681 ,_id                ,               ,objectId       ,             ,                ,            ,true           ,              ,                 ,                  ,              ,              ,             ,              ,            ,               ,
invalidTerms  ,Invalid terms ,warning           ,fab5bd67-d509-4568-888d-821da31bc808 ,New Model    ,              ,865e11cb-cb8f-481b-97e4-ee55d9abad96 ,sample_mflix     ,                  ,4a5f44af-a1e6-4714-bb26-dc2ba9bdd7c4 ,comments      ,               ,                 ,                 ,c87afbba-3375-45e0-beda-ca0091f6d62c ,text               ,               ,string         ,             ,                ,            ,true           ,              ,                 ,                  ,              ,              ,             ,              ,            ,               ,
invalidTerms  ,Invalid terms ,warning           ,fab5bd67-d509-4568-888d-821da31bc808 ,New Model    ,              ,865e11cb-cb8f-481b-97e4-ee55d9abad96 ,sample_mflix     ,                  ,4a5f44af-a1e6-4714-bb26-dc2ba9bdd7c4 ,comments      ,               ,                 ,                 ,f4a76dd6-2fd6-40b3-b846-ae8a99155541 ,date               ,               ,date           ,             ,                ,            ,true           ,              ,                 ,                  ,              ,              ,             ,              ,            ,               ,
invalidTerms  ,Invalid terms ,warning           ,fab5bd67-d509-4568-888d-821da31bc808 ,New Model    ,              ,865e11cb-cb8f-481b-97e4-ee55d9abad96 ,sample_mflix     ,                  ,89ceed58-c063-4c31-b91d-2a543c411786 ,theaters      ,               ,                 ,                 ,                                     ,                   ,               ,               ,             ,                ,            ,               ,              ,                 ,                  ,              ,              ,             ,              ,            ,               ,
invalidTerms  ,Invalid terms ,warning           ,fab5bd67-d509-4568-888d-821da31bc808 ,New Model    ,              ,865e11cb-cb8f-481b-97e4-ee55d9abad96 ,sample_mflix     ,                  ,89ceed58-c063-4c31-b91d-2a543c411786 ,theaters      ,               ,                 ,                 ,09c88a40-8d73-4b8d-81eb-a51efcc8538a ,zipcode            ,               ,string         ,             ,                ,            ,true           ,              ,                 ,                  ,              ,              ,             ,              ,            ,               ,
invalidTerms  ,Invalid terms ,warning           ,fab5bd67-d509-4568-888d-821da31bc808 ,New Model    ,              ,865e11cb-cb8f-481b-97e4-ee55d9abad96 ,sample_mflix     ,                  ,89ceed58-c063-4c31-b91d-2a543c411786 ,theaters      ,               ,                 ,                 ,0f020c71-4258-43d3-b3a6-9adea8ff790a ,_id                ,               ,objectId       ,             ,                ,            ,true           ,              ,                 ,                  ,              ,              ,             ,              ,            ,               ,
invalidTerms  ,Invalid terms ,warning           ,fab5bd67-d509-4568-888d-821da31bc808 ,New Model    ,              ,865e11cb-cb8f-481b-97e4-ee55d9abad96 ,sample_mflix     ,                  ,89ceed58-c063-4c31-b91d-2a543c411786 ,theaters      ,               ,                 ,                 ,1a793d7d-5e60-465b-883c-2bbb3c2587d3 ,geo                ,               ,document       ,             ,                ,            ,true           ,              ,                 ,                  ,              ,              ,             ,              ,            ,               ,
invalidTerms  ,Invalid terms ,warning           ,fab5bd67-d509-4568-888d-821da31bc808 ,New Model    ,              ,865e11cb-cb8f-481b-97e4-ee55d9abad96 ,sample_mflix     ,                  ,89ceed58-c063-4c31-b91d-2a543c411786 ,theaters      ,               ,                 ,                 ,3d0aba2f-b1df-4b71-82ff-b0fde8580bd2 ,city               ,               ,string         ,             ,                ,            ,true           ,              ,                 ,                  ,              ,              ,             ,              ,            ,               ,
invalidTerms  ,Invalid terms ,warning           ,fab5bd67-d509-4568-888d-821da31bc808 ,New Model    ,              ,865e11cb-cb8f-481b-97e4-ee55d9abad96 ,sample_mflix     ,                  ,89ceed58-c063-4c31-b91d-2a543c411786 ,theaters      ,               ,                 ,                 ,889747b6-4139-4e94-acd3-f81a0da48b6b ,address            ,               ,document       ,             ,                ,            ,true           ,              ,                 ,                  ,              ,              ,             ,              ,            ,               ,
invalidTerms  ,Invalid terms ,warning           ,fab5bd67-d509-4568-888d-821da31bc808 ,New Model    ,              ,865e11cb-cb8f-481b-97e4-ee55d9abad96 ,sample_mflix     ,                  ,89ceed58-c063-4c31-b91d-2a543c411786 ,theaters      ,               ,                 ,                 ,98b45ffd-ef98-4a54-ae11-f2b0da224579 ,theaterId          ,               ,integer32      ,             ,                ,            ,true           ,              ,                 ,                  ,              ,              ,             ,              ,            ,               ,
invalidTerms  ,Invalid terms ,warning           ,fab5bd67-d509-4568-888d-821da31bc808 ,New Model    ,              ,865e11cb-cb8f-481b-97e4-ee55d9abad96 ,sample_mflix     ,                  ,89ceed58-c063-4c31-b91d-2a543c411786 ,theaters      ,               ,                 ,                 ,a227c1d5-6ffa-4553-8b2b-011e7efb9be7 ,street1            ,               ,string         ,             ,                ,            ,true           ,              ,                 ,                  ,              ,              ,             ,              ,            ,               ,
invalidTerms  ,Invalid terms ,warning           ,fab5bd67-d509-4568-888d-821da31bc808 ,New Model    ,              ,865e11cb-cb8f-481b-97e4-ee55d9abad96 ,sample_mflix     ,                  ,89ceed58-c063-4c31-b91d-2a543c411786 ,theaters      ,               ,                 ,                 ,a2f3a59e-87a7-47ca-9fef-b644aff7379f ,type               ,               ,string         ,             ,                ,            ,true           ,              ,                 ,                  ,              ,              ,             ,              ,            ,               ,
invalidTerms  ,Invalid terms ,warning           ,fab5bd67-d509-4568-888d-821da31bc808 ,New Model    ,              ,865e11cb-cb8f-481b-97e4-ee55d9abad96 ,sample_mflix     ,                  ,89ceed58-c063-4c31-b91d-2a543c411786 ,theaters      ,               ,                 ,                 ,b6200d55-365d-4ff8-85f2-66012128535e ,state              ,               ,string         ,             ,                ,            ,true           ,              ,                 ,                  ,              ,              ,             ,              ,            ,               ,
invalidTerms  ,Invalid terms ,warning           ,fab5bd67-d509-4568-888d-821da31bc808 ,New Model    ,              ,865e11cb-cb8f-481b-97e4-ee55d9abad96 ,sample_mflix     ,                  ,89ceed58-c063-4c31-b91d-2a543c411786 ,theaters      ,               ,                 ,                 ,bcb8bca6-fde9-4306-88fd-da35bc2fa50f ,location           ,               ,document       ,             ,                ,            ,true           ,              ,                 ,                  ,              ,              ,             ,              ,            ,               ,
invalidTerms  ,Invalid terms ,warning           ,fab5bd67-d509-4568-888d-821da31bc808 ,New Model    ,              ,865e11cb-cb8f-481b-97e4-ee55d9abad96 ,sample_mflix     ,                  ,89ceed58-c063-4c31-b91d-2a543c411786 ,theaters      ,               ,                 ,                 ,c97cb469-0866-4fb2-a421-724766bcca0e ,coordinates        ,               ,array          ,             ,                ,            ,true           ,              ,                 ,                  ,              ,              ,             ,              ,            ,               ,
invalidTerms  ,Invalid terms ,warning           ,fab5bd67-d509-4568-888d-821da31bc808 ,New Model    ,              ,865e11cb-cb8f-481b-97e4-ee55d9abad96 ,sample_mflix     ,                  ,89ceed58-c063-4c31-b91d-2a543c411786 ,theaters      ,               ,                 ,                 ,f4764780-80b0-4ea1-b8d9-11e9b0f094ec ,street2            ,               ,multiple       ,             ,                ,            ,false          ,              ,                 ,                  ,              ,              ,             ,              ,            ,               ,
invalidTerms  ,Invalid terms ,warning           ,fab5bd67-d509-4568-888d-821da31bc808 ,New Model    ,              ,865e11cb-cb8f-481b-97e4-ee55d9abad96 ,sample_mflix     ,                  ,8cca92d3-8c9b-4ed8-91ab-2589155b9eb0 ,sessions      ,               ,                 ,                 ,                                     ,                   ,               ,               ,             ,                ,            ,               ,              ,                 ,                  ,              ,              ,             ,              ,            ,               ,
invalidTerms  ,Invalid terms ,warning           ,fab5bd67-d509-4568-888d-821da31bc808 ,New Model    ,              ,865e11cb-cb8f-481b-97e4-ee55d9abad96 ,sample_mflix     ,                  ,8cca92d3-8c9b-4ed8-91ab-2589155b9eb0 ,sessions      ,               ,                 ,                 ,87f0c021-3c81-4d43-af04-24e4788a0d28 ,jwt                ,               ,string         ,             ,                ,            ,true           ,              ,                 ,                  ,              ,              ,             ,              ,            ,               ,
invalidTerms  ,Invalid terms ,warning           ,fab5bd67-d509-4568-888d-821da31bc808 ,New Model    ,              ,865e11cb-cb8f-481b-97e4-ee55d9abad96 ,sample_mflix     ,                  ,8cca92d3-8c9b-4ed8-91ab-2589155b9eb0 ,sessions      ,               ,                 ,                 ,c0614a66-35ba-4a00-9f7a-a80c00ca57fe ,user_id            ,               ,string         ,             ,                ,            ,true           ,              ,                 ,                  ,              ,              ,             ,              ,            ,               ,
invalidTerms  ,Invalid terms ,warning           ,fab5bd67-d509-4568-888d-821da31bc808 ,New Model    ,              ,865e11cb-cb8f-481b-97e4-ee55d9abad96 ,sample_mflix     ,                  ,8cca92d3-8c9b-4ed8-91ab-2589155b9eb0 ,sessions      ,               ,                 ,                 ,ccaeb113-0b7a-46c8-b4a4-e046a2201a43 ,_id                ,               ,objectId       ,             ,                ,            ,true           ,              ,                 ,                  ,              ,              ,             ,              ,            ,               ,
invalidTerms  ,Invalid terms ,warning           ,fab5bd67-d509-4568-888d-821da31bc808 ,New Model    ,              ,865e11cb-cb8f-481b-97e4-ee55d9abad96 ,sample_mflix     ,                  ,cb862aff-d41d-4c47-a6ee-a41e86f239d1 ,users         ,               ,                 ,                 ,                                     ,                   ,               ,               ,             ,                ,            ,               ,              ,                 ,                  ,              ,              ,             ,              ,            ,               ,
invalidTerms  ,Invalid terms ,warning           ,fab5bd67-d509-4568-888d-821da31bc808 ,New Model    ,              ,865e11cb-cb8f-481b-97e4-ee55d9abad96 ,sample_mflix     ,                  ,cb862aff-d41d-4c47-a6ee-a41e86f239d1 ,users         ,               ,                 ,                 ,47278890-02f3-486f-b95f-2ec5c188bafb ,password           ,               ,string         ,             ,                ,            ,true           ,              ,                 ,                  ,              ,              ,             ,              ,            ,               ,
invalidTerms  ,Invalid terms ,warning           ,fab5bd67-d509-4568-888d-821da31bc808 ,New Model    ,              ,865e11cb-cb8f-481b-97e4-ee55d9abad96 ,sample_mflix     ,                  ,cb862aff-d41d-4c47-a6ee-a41e86f239d1 ,users         ,               ,                 ,                 ,751f04b8-2559-42a6-9d28-2206d12433b2 ,email              ,               ,string         ,             ,                ,            ,true           ,              ,                 ,                  ,              ,              ,             ,              ,            ,               ,
invalidTerms  ,Invalid terms ,warning           ,fab5bd67-d509-4568-888d-821da31bc808 ,New Model    ,              ,865e11cb-cb8f-481b-97e4-ee55d9abad96 ,sample_mflix     ,                  ,cb862aff-d41d-4c47-a6ee-a41e86f239d1 ,users         ,               ,                 ,                 ,92f69f90-b2dc-42be-acb5-58b791795f4c ,_id                ,               ,objectId       ,             ,                ,            ,true           ,              ,                 ,                  ,              ,              ,             ,              ,            ,               ,
invalidTerms  ,Invalid terms ,warning           ,fab5bd67-d509-4568-888d-821da31bc808 ,New Model    ,              ,865e11cb-cb8f-481b-97e4-ee55d9abad96 ,sample_mflix     ,                  ,cb862aff-d41d-4c47-a6ee-a41e86f239d1 ,users         ,               ,                 ,                 ,ffd25b11-f0d9-48cc-a415-1b50ddd2f6b6 ,name               ,               ,string         ,             ,                ,            ,true           ,              ,                 ,                  ,              ,              ,             ,              ,            ,               ,
invalidTerms  ,Invalid terms ,warning           ,fab5bd67-d509-4568-888d-821da31bc808 ,New Model    ,              ,865e11cb-cb8f-481b-97e4-ee55d9abad96 ,sample_mflix     ,                  ,ff8d3d0c-e31f-4885-9d7f-f232b1a1ceea ,movies        ,               ,                 ,                 ,                                     ,                   ,               ,               ,             ,                ,            ,               ,              ,                 ,                  ,              ,              ,             ,              ,            ,               ,
invalidTerms  ,Invalid terms ,warning           ,fab5bd67-d509-4568-888d-821da31bc808 ,New Model    ,              ,865e11cb-cb8f-481b-97e4-ee55d9abad96 ,sample_mflix     ,                  ,ff8d3d0c-e31f-4885-9d7f-f232b1a1ceea ,movies        ,               ,                 ,                 ,02d59bd0-928f-431d-a81a-8bfcc4aef473 ,metacritic         ,               ,integer32      ,             ,                ,            ,false          ,              ,                 ,                  ,              ,              ,             ,              ,            ,               ,
invalidTerms  ,Invalid terms ,warning           ,fab5bd67-d509-4568-888d-821da31bc808 ,New Model    ,              ,865e11cb-cb8f-481b-97e4-ee55d9abad96 ,sample_mflix     ,                  ,ff8d3d0c-e31f-4885-9d7f-f232b1a1ceea ,movies        ,               ,                 ,                 ,0396f3ab-2cb5-42d5-8932-792993fa3948 ,score              ,               ,string         ,             ,                ,            ,               ,              ,                 ,                  ,              ,              ,             ,              ,            ,               ,
invalidTerms  ,Invalid terms ,warning           ,fab5bd67-d509-4568-888d-821da31bc808 ,New Model    ,              ,865e11cb-cb8f-481b-97e4-ee55d9abad96 ,sample_mflix     ,                  ,ff8d3d0c-e31f-4885-9d7f-f232b1a1ceea ,movies        ,               ,                 ,                 ,09ed4d3e-f008-4b42-80a7-7ae30cb51f97 ,released           ,               ,date           ,             ,                ,            ,false          ,              ,                 ,                  ,              ,              ,             ,              ,            ,               ,
invalidTerms  ,Invalid terms ,warning           ,fab5bd67-d509-4568-888d-821da31bc808 ,New Model    ,              ,865e11cb-cb8f-481b-97e4-ee55d9abad96 ,sample_mflix     ,                  ,ff8d3d0c-e31f-4885-9d7f-f232b1a1ceea ,movies        ,               ,                 ,                 ,0b3c23f2-930a-436f-969b-fc395cfc9555 ,critic             ,               ,document       ,             ,                ,            ,false          ,              ,                 ,                  ,              ,              ,             ,              ,            ,               ,
invalidTerms  ,Invalid terms ,warning           ,fab5bd67-d509-4568-888d-821da31bc808 ,New Model    ,              ,865e11cb-cb8f-481b-97e4-ee55d9abad96 ,sample_mflix     ,                  ,ff8d3d0c-e31f-4885-9d7f-f232b1a1ceea ,movies        ,               ,                 ,                 ,0ff1668e-9fbf-4d54-b67f-fa7aef00e78b ,awards             ,               ,document       ,             ,                ,            ,true           ,              ,                 ,                  ,              ,              ,             ,              ,            ,               ,
invalidTerms  ,Invalid terms ,warning           ,fab5bd67-d509-4568-888d-821da31bc808 ,New Model    ,              ,865e11cb-cb8f-481b-97e4-ee55d9abad96 ,sample_mflix     ,                  ,ff8d3d0c-e31f-4885-9d7f-f232b1a1ceea ,movies        ,               ,                 ,                 ,111a6a8f-8bee-48a4-9294-01eb0f8eaa2d ,score2             ,               ,string         ,             ,                ,            ,               ,              ,                 ,                  ,              ,              ,             ,              ,            ,               ,
invalidTerms  ,Invalid terms ,warning           ,fab5bd67-d509-4568-888d-821da31bc808 ,New Model    ,              ,865e11cb-cb8f-481b-97e4-ee55d9abad96 ,sample_mflix     ,                  ,ff8d3d0c-e31f-4885-9d7f-f232b1a1ceea ,movies        ,               ,                 ,                 ,115363b0-1817-4b92-a8cc-b4cae793e139 ,votes              ,               ,multiple       ,             ,                ,            ,true           ,              ,                 ,                  ,              ,              ,             ,              ,            ,               ,
invalidTerms  ,Invalid terms ,warning           ,fab5bd67-d509-4568-888d-821da31bc808 ,New Model    ,              ,865e11cb-cb8f-481b-97e4-ee55d9abad96 ,sample_mflix     ,                  ,ff8d3d0c-e31f-4885-9d7f-f232b1a1ceea ,movies        ,               ,                 ,                 ,15db8c9b-2631-417c-83de-c5fe77e209d2 ,rotten             ,               ,integer32      ,             ,                ,            ,false          ,              ,                 ,                  ,              ,              ,             ,              ,            ,               ,
invalidTerms  ,Invalid terms ,warning           ,fab5bd67-d509-4568-888d-821da31bc808 ,New Model    ,              ,865e11cb-cb8f-481b-97e4-ee55d9abad96 ,sample_mflix     ,                  ,ff8d3d0c-e31f-4885-9d7f-f232b1a1ceea ,movies        ,               ,                 ,                 ,180ea26c-572c-4d14-ab08-8901f1368a54 ,meter              ,               ,integer32      ,             ,                ,            ,false          ,              ,                 ,                  ,              ,              ,             ,              ,            ,               ,
invalidTerms  ,Invalid terms ,warning           ,fab5bd67-d509-4568-888d-821da31bc808 ,New Model    ,              ,865e11cb-cb8f-481b-97e4-ee55d9abad96 ,sample_mflix     ,                  ,ff8d3d0c-e31f-4885-9d7f-f232b1a1ceea ,movies        ,               ,                 ,                 ,1a4bddf8-2ced-444f-b4ad-d5dca0c2bd34 ,plot               ,               ,string         ,             ,                ,            ,false          ,              ,                 ,                  ,              ,              ,             ,              ,            ,               ,
invalidTerms  ,Invalid terms ,warning           ,fab5bd67-d509-4568-888d-821da31bc808 ,New Model    ,              ,865e11cb-cb8f-481b-97e4-ee55d9abad96 ,sample_mflix     ,                  ,ff8d3d0c-e31f-4885-9d7f-f232b1a1ceea ,movies        ,               ,                 ,                 ,1d2cf462-ebe8-44c0-9a25-55a553e98bcb ,type               ,               ,string         ,             ,                ,            ,true           ,              ,                 ,                  ,              ,              ,             ,              ,            ,               ,
invalidTerms  ,Invalid terms ,warning           ,fab5bd67-d509-4568-888d-821da31bc808 ,New Model    ,              ,865e11cb-cb8f-481b-97e4-ee55d9abad96 ,sample_mflix     ,                  ,ff8d3d0c-e31f-4885-9d7f-f232b1a1ceea ,movies        ,               ,                 ,                 ,1e062b35-563e-48f0-88d0-03b49e0a497b ,numReviews         ,               ,integer32      ,             ,                ,            ,false          ,              ,                 ,                  ,              ,              ,             ,              ,            ,               ,
invalidTerms  ,Invalid terms ,warning           ,fab5bd67-d509-4568-888d-821da31bc808 ,New Model    ,              ,865e11cb-cb8f-481b-97e4-ee55d9abad96 ,sample_mflix     ,                  ,ff8d3d0c-e31f-4885-9d7f-f232b1a1ceea ,movies        ,               ,                 ,                 ,251d6070-fe0a-496c-a3e4-53eb9804a9f6 ,wins               ,               ,integer32      ,             ,                ,            ,true           ,              ,                 ,                  ,              ,              ,             ,              ,            ,               ,
invalidTerms  ,Invalid terms ,warning           ,fab5bd67-d509-4568-888d-821da31bc808 ,New Model    ,              ,865e11cb-cb8f-481b-97e4-ee55d9abad96 ,sample_mflix     ,                  ,ff8d3d0c-e31f-4885-9d7f-f232b1a1ceea ,movies        ,               ,                 ,                 ,26a11190-9050-4a4c-906a-89de44bdfd6f ,writers            ,               ,array          ,             ,                ,            ,false          ,              ,                 ,                  ,              ,              ,             ,              ,            ,               ,
invalidTerms  ,Invalid terms ,warning           ,fab5bd67-d509-4568-888d-821da31bc808 ,New Model    ,              ,865e11cb-cb8f-481b-97e4-ee55d9abad96 ,sample_mflix     ,                  ,ff8d3d0c-e31f-4885-9d7f-f232b1a1ceea ,movies        ,               ,                 ,                 ,3200de6d-0844-4c97-9c1e-b2447ae31154 ,title              ,               ,string         ,             ,                ,            ,true           ,              ,                 ,                  ,              ,              ,             ,              ,            ,               ,
invalidTerms  ,Invalid terms ,warning           ,fab5bd67-d509-4568-888d-821da31bc808 ,New Model    ,              ,865e11cb-cb8f-481b-97e4-ee55d9abad96 ,sample_mflix     ,                  ,ff8d3d0c-e31f-4885-9d7f-f232b1a1ceea ,movies        ,               ,                 ,                 ,384403e4-7f2c-4173-b226-c356b6d848a3 ,rating             ,               ,multiple       ,             ,                ,            ,true           ,              ,                 ,                  ,              ,              ,             ,              ,            ,               ,
invalidTerms  ,Invalid terms ,warning           ,fab5bd67-d509-4568-888d-821da31bc808 ,New Model    ,              ,865e11cb-cb8f-481b-97e4-ee55d9abad96 ,sample_mflix     ,                  ,ff8d3d0c-e31f-4885-9d7f-f232b1a1ceea ,movies        ,               ,                 ,                 ,4f8a5908-c0ed-45f9-9727-f01c512d210a ,languages          ,               ,array          ,             ,                ,            ,false          ,              ,                 ,                  ,              ,              ,             ,              ,            ,               ,
invalidTerms  ,Invalid terms ,warning           ,fab5bd67-d509-4568-888d-821da31bc808 ,New Model    ,              ,865e11cb-cb8f-481b-97e4-ee55d9abad96 ,sample_mflix     ,                  ,ff8d3d0c-e31f-4885-9d7f-f232b1a1ceea ,movies        ,               ,                 ,                 ,538dd808-5086-4b7e-be04-3f03ca9945e6 ,nominations        ,               ,integer32      ,             ,                ,            ,true           ,              ,                 ,                  ,              ,              ,             ,              ,            ,               ,
invalidTerms  ,Invalid terms ,warning           ,fab5bd67-d509-4568-888d-821da31bc808 ,New Model    ,              ,865e11cb-cb8f-481b-97e4-ee55d9abad96 ,sample_mflix     ,                  ,ff8d3d0c-e31f-4885-9d7f-f232b1a1ceea ,movies        ,               ,                 ,                 ,58bffda6-3401-4d67-a8b4-bd6a62cac2d6 ,num_mflix_comments ,               ,integer32      ,             ,                ,            ,true           ,              ,                 ,                  ,              ,              ,             ,              ,            ,               ,
invalidTerms  ,Invalid terms ,warning           ,fab5bd67-d509-4568-888d-821da31bc808 ,New Model    ,              ,865e11cb-cb8f-481b-97e4-ee55d9abad96 ,sample_mflix     ,                  ,ff8d3d0c-e31f-4885-9d7f-f232b1a1ceea ,movies        ,               ,                 ,                 ,5a5974fd-0e96-4409-b01e-3ce386a8e060 ,production         ,               ,string         ,             ,                ,            ,false          ,              ,                 ,                  ,              ,              ,             ,              ,            ,               ,
invalidTerms  ,Invalid terms ,warning           ,fab5bd67-d509-4568-888d-821da31bc808 ,New Model    ,              ,865e11cb-cb8f-481b-97e4-ee55d9abad96 ,sample_mflix     ,                  ,ff8d3d0c-e31f-4885-9d7f-f232b1a1ceea ,movies        ,               ,                 ,                 ,62d53e89-76ec-4246-ae2a-ce70b0cd3f3a ,tomatoes           ,               ,document       ,             ,                ,            ,false          ,              ,                 ,                  ,              ,              ,             ,              ,            ,               ,
invalidTerms  ,Invalid terms ,warning           ,fab5bd67-d509-4568-888d-821da31bc808 ,New Model    ,              ,865e11cb-cb8f-481b-97e4-ee55d9abad96 ,sample_mflix     ,                  ,ff8d3d0c-e31f-4885-9d7f-f232b1a1ceea ,movies        ,               ,                 ,                 ,711cebea-95b5-436d-ae53-8a6b6c631532 ,rating             ,               ,double         ,             ,                ,            ,false          ,              ,                 ,                  ,              ,              ,             ,              ,            ,               ,
invalidTerms  ,Invalid terms ,warning           ,fab5bd67-d509-4568-888d-821da31bc808 ,New Model    ,              ,865e11cb-cb8f-481b-97e4-ee55d9abad96 ,sample_mflix     ,                  ,ff8d3d0c-e31f-4885-9d7f-f232b1a1ceea ,movies        ,               ,                 ,                 ,7c767bf6-891f-4f62-8cea-bd4adc58fb47 ,imdb               ,               ,document       ,             ,                ,            ,true           ,              ,                 ,                  ,              ,              ,             ,              ,            ,               ,
invalidTerms  ,Invalid terms ,warning           ,fab5bd67-d509-4568-888d-821da31bc808 ,New Model    ,              ,865e11cb-cb8f-481b-97e4-ee55d9abad96 ,sample_mflix     ,                  ,ff8d3d0c-e31f-4885-9d7f-f232b1a1ceea ,movies        ,               ,                 ,                 ,7e4f8f4b-ce81-4717-9755-adfc2ebf22e8 ,countries          ,               ,array          ,             ,                ,            ,true           ,              ,                 ,                  ,              ,              ,             ,              ,            ,               ,
invalidTerms  ,Invalid terms ,warning           ,fab5bd67-d509-4568-888d-821da31bc808 ,New Model    ,              ,865e11cb-cb8f-481b-97e4-ee55d9abad96 ,sample_mflix     ,                  ,ff8d3d0c-e31f-4885-9d7f-f232b1a1ceea ,movies        ,               ,                 ,                 ,7fa6fc52-10ea-4821-8a01-6b73a7f6974c ,rated              ,               ,string         ,             ,                ,            ,false          ,              ,                 ,                  ,              ,              ,             ,              ,            ,               ,
invalidTerms  ,Invalid terms ,warning           ,fab5bd67-d509-4568-888d-821da31bc808 ,New Model    ,              ,865e11cb-cb8f-481b-97e4-ee55d9abad96 ,sample_mflix     ,                  ,ff8d3d0c-e31f-4885-9d7f-f232b1a1ceea ,movies        ,               ,                 ,                 ,89084a36-de5b-4144-b09b-efe07bb9daa8 ,website            ,               ,string         ,             ,                ,            ,false          ,              ,                 ,                  ,              ,              ,             ,              ,            ,               ,
invalidTerms  ,Invalid terms ,warning           ,fab5bd67-d509-4568-888d-821da31bc808 ,New Model    ,              ,865e11cb-cb8f-481b-97e4-ee55d9abad96 ,sample_mflix     ,                  ,ff8d3d0c-e31f-4885-9d7f-f232b1a1ceea ,movies        ,               ,                 ,                 ,8c235dab-2ee9-4533-b850-42328a43f922 ,lastUpdated        ,               ,date           ,             ,                ,            ,true           ,              ,                 ,                  ,              ,              ,             ,              ,            ,               ,
invalidTerms  ,Invalid terms ,warning           ,fab5bd67-d509-4568-888d-821da31bc808 ,New Model    ,              ,865e11cb-cb8f-481b-97e4-ee55d9abad96 ,sample_mflix     ,                  ,ff8d3d0c-e31f-4885-9d7f-f232b1a1ceea ,movies        ,               ,                 ,                 ,8d482500-b8da-45b5-8fa6-d55acd71e8cd ,meter              ,               ,integer32      ,             ,                ,            ,false          ,              ,                 ,                  ,              ,              ,             ,              ,            ,               ,
invalidTerms  ,Invalid terms ,warning           ,fab5bd67-d509-4568-888d-821da31bc808 ,New Model    ,              ,865e11cb-cb8f-481b-97e4-ee55d9abad96 ,sample_mflix     ,                  ,ff8d3d0c-e31f-4885-9d7f-f232b1a1ceea ,movies        ,               ,                 ,                 ,8db1ebe6-cc7e-4bef-a1a5-2396dd3725db ,fullplot           ,               ,string         ,             ,                ,            ,false          ,              ,                 ,                  ,              ,              ,             ,              ,            ,               ,
invalidTerms  ,Invalid terms ,warning           ,fab5bd67-d509-4568-888d-821da31bc808 ,New Model    ,              ,865e11cb-cb8f-481b-97e4-ee55d9abad96 ,sample_mflix     ,                  ,ff8d3d0c-e31f-4885-9d7f-f232b1a1ceea ,movies        ,               ,                 ,                 ,8dfab6c1-2019-471b-9b98-3495d01e042a ,boxOffice          ,               ,string         ,             ,                ,            ,false          ,              ,                 ,                  ,              ,              ,             ,              ,            ,               ,
invalidTerms  ,Invalid terms ,warning           ,fab5bd67-d509-4568-888d-821da31bc808 ,New Model    ,              ,865e11cb-cb8f-481b-97e4-ee55d9abad96 ,sample_mflix     ,                  ,ff8d3d0c-e31f-4885-9d7f-f232b1a1ceea ,movies        ,               ,                 ,                 ,94100fc7-da97-4279-ad20-913d74f55971 ,numReviews         ,               ,integer32      ,             ,                ,            ,true           ,              ,                 ,                  ,              ,              ,             ,              ,            ,               ,
invalidTerms  ,Invalid terms ,warning           ,fab5bd67-d509-4568-888d-821da31bc808 ,New Model    ,              ,865e11cb-cb8f-481b-97e4-ee55d9abad96 ,sample_mflix     ,                  ,ff8d3d0c-e31f-4885-9d7f-f232b1a1ceea ,movies        ,               ,                 ,                 ,9b2a194c-d7d0-451e-8ccf-bd1ef7cedec7 ,_id                ,               ,objectId       ,             ,                ,            ,true           ,              ,                 ,                  ,              ,              ,             ,              ,            ,               ,
invalidTerms  ,Invalid terms ,warning           ,fab5bd67-d509-4568-888d-821da31bc808 ,New Model    ,              ,865e11cb-cb8f-481b-97e4-ee55d9abad96 ,sample_mflix     ,                  ,ff8d3d0c-e31f-4885-9d7f-f232b1a1ceea ,movies        ,               ,                 ,                 ,a538020c-c90d-48c9-aafd-6da6ab2c87ce ,year               ,               ,multiple       ,             ,                ,            ,true           ,              ,                 ,                  ,              ,              ,             ,              ,            ,               ,
invalidTerms  ,Invalid terms ,warning           ,fab5bd67-d509-4568-888d-821da31bc808 ,New Model    ,              ,865e11cb-cb8f-481b-97e4-ee55d9abad96 ,sample_mflix     ,                  ,ff8d3d0c-e31f-4885-9d7f-f232b1a1ceea ,movies        ,               ,                 ,                 ,a60b8384-b836-4b37-bcda-f9bf1762d259 ,runtime            ,               ,integer32      ,             ,                ,            ,false          ,              ,                 ,                  ,              ,              ,             ,              ,            ,               ,
invalidTerms  ,Invalid terms ,warning           ,fab5bd67-d509-4568-888d-821da31bc808 ,New Model    ,              ,865e11cb-cb8f-481b-97e4-ee55d9abad96 ,sample_mflix     ,                  ,ff8d3d0c-e31f-4885-9d7f-f232b1a1ceea ,movies        ,               ,                 ,                 ,aa345b39-cba7-4f12-81ef-37e9f0322037 ,dvd                ,               ,date           ,             ,                ,            ,false          ,              ,                 ,                  ,              ,              ,             ,              ,            ,               ,
invalidTerms  ,Invalid terms ,warning           ,fab5bd67-d509-4568-888d-821da31bc808 ,New Model    ,              ,865e11cb-cb8f-481b-97e4-ee55d9abad96 ,sample_mflix     ,                  ,ff8d3d0c-e31f-4885-9d7f-f232b1a1ceea ,movies        ,               ,                 ,                 ,b3825be5-6fda-4881-9279-91d79329335b ,viewer             ,               ,document       ,             ,                ,            ,true           ,              ,                 ,                  ,              ,              ,             ,              ,            ,               ,
invalidTerms  ,Invalid terms ,warning           ,fab5bd67-d509-4568-888d-821da31bc808 ,New Model    ,              ,865e11cb-cb8f-481b-97e4-ee55d9abad96 ,sample_mflix     ,                  ,ff8d3d0c-e31f-4885-9d7f-f232b1a1ceea ,movies        ,               ,                 ,                 ,c4d1e16f-161b-4623-b140-89a1d1ffecaa ,rating             ,               ,double         ,             ,                ,            ,false          ,              ,                 ,                  ,              ,              ,             ,              ,            ,               ,
invalidTerms  ,Invalid terms ,warning           ,fab5bd67-d509-4568-888d-821da31bc808 ,New Model    ,              ,865e11cb-cb8f-481b-97e4-ee55d9abad96 ,sample_mflix     ,                  ,ff8d3d0c-e31f-4885-9d7f-f232b1a1ceea ,movies        ,               ,                 ,                 ,d0723b03-de51-433a-a3aa-df04ad46de1a ,directors          ,               ,array          ,             ,                ,            ,false          ,              ,                 ,                  ,              ,              ,             ,              ,            ,               ,
invalidTerms  ,Invalid terms ,warning           ,fab5bd67-d509-4568-888d-821da31bc808 ,New Model    ,              ,865e11cb-cb8f-481b-97e4-ee55d9abad96 ,sample_mflix     ,                  ,ff8d3d0c-e31f-4885-9d7f-f232b1a1ceea ,movies        ,               ,                 ,                 ,d5140aee-4a2f-4867-a538-a59005bd6ca2 ,fresh              ,               ,integer32      ,             ,                ,            ,false          ,              ,                 ,                  ,              ,              ,             ,              ,            ,               ,
invalidTerms  ,Invalid terms ,warning           ,fab5bd67-d509-4568-888d-821da31bc808 ,New Model    ,              ,865e11cb-cb8f-481b-97e4-ee55d9abad96 ,sample_mflix     ,                  ,ff8d3d0c-e31f-4885-9d7f-f232b1a1ceea ,movies        ,               ,                 ,                 ,d9e25421-94b2-424d-a6a8-13933f424a3e ,poster             ,               ,string         ,             ,                ,            ,false          ,              ,                 ,                  ,              ,              ,             ,              ,            ,               ,
invalidTerms  ,Invalid terms ,warning           ,fab5bd67-d509-4568-888d-821da31bc808 ,New Model    ,              ,865e11cb-cb8f-481b-97e4-ee55d9abad96 ,sample_mflix     ,                  ,ff8d3d0c-e31f-4885-9d7f-f232b1a1ceea ,movies        ,               ,                 ,                 ,de3ab0d5-9e2e-4ac3-a14e-e28be6f9f487 ,consensus          ,               ,string         ,             ,                ,            ,false          ,              ,                 ,                  ,              ,              ,             ,              ,            ,               ,
invalidTerms  ,Invalid terms ,warning           ,fab5bd67-d509-4568-888d-821da31bc808 ,New Model    ,              ,865e11cb-cb8f-481b-97e4-ee55d9abad96 ,sample_mflix     ,                  ,ff8d3d0c-e31f-4885-9d7f-f232b1a1ceea ,movies        ,               ,                 ,                 ,e3713f0b-a2d6-4100-8100-9f9e84608bab ,genres             ,               ,array          ,             ,                ,            ,false          ,              ,                 ,                  ,              ,              ,             ,              ,            ,               ,
invalidTerms  ,Invalid terms ,warning           ,fab5bd67-d509-4568-888d-821da31bc808 ,New Model    ,              ,865e11cb-cb8f-481b-97e4-ee55d9abad96 ,sample_mflix     ,                  ,ff8d3d0c-e31f-4885-9d7f-f232b1a1ceea ,movies        ,               ,                 ,                 ,e3ba60d4-c4d7-4234-950c-06bce1d8f528 ,lastupdated        ,               ,date           ,             ,                ,            ,true           ,              ,                 ,                  ,              ,              ,             ,              ,            ,               ,
invalidTerms  ,Invalid terms ,warning           ,fab5bd67-d509-4568-888d-821da31bc808 ,New Model    ,              ,865e11cb-cb8f-481b-97e4-ee55d9abad96 ,sample_mflix     ,                  ,ff8d3d0c-e31f-4885-9d7f-f232b1a1ceea ,movies        ,               ,                 ,                 ,e6e932a5-1b6a-406c-8d3f-e9ddf60dc86e ,cast               ,               ,array          ,             ,                ,            ,false          ,              ,                 ,                  ,              ,              ,             ,              ,            ,               ,
invalidTerms  ,Invalid terms ,warning           ,fab5bd67-d509-4568-888d-821da31bc808 ,New Model    ,              ,865e11cb-cb8f-481b-97e4-ee55d9abad96 ,sample_mflix     ,                  ,ff8d3d0c-e31f-4885-9d7f-f232b1a1ceea ,movies        ,               ,                 ,                 ,e791f3c5-31d4-40bf-8dd1-a42f3bdf3b76 ,id                 ,               ,integer32      ,             ,                ,            ,true           ,              ,                 ,                  ,              ,              ,             ,              ,            ,               ,
invalidTerms  ,Invalid terms ,warning           ,fab5bd67-d509-4568-888d-821da31bc808 ,New Model    ,              ,865e11cb-cb8f-481b-97e4-ee55d9abad96 ,sample_mflix     ,                  ,ff8d3d0c-e31f-4885-9d7f-f232b1a1ceea ,movies        ,               ,                 ,                 ,edef599a-cf15-44ea-9a8d-887686e28dbe ,text               ,               ,string         ,             ,                ,            ,true           ,              ,                 ,                  ,              ,              ,             ,              ,            ,               ,